{
    "train_loss": [
        1.3004591720433623,
        0.8073481119837134,
        0.7252455102397559,
        0.6872391399798764,
        0.6627964962103904,
        0.6523550227427429,
        0.6403433173483518,
        0.619340078321725,
        0.6124864830409116,
        0.6015661657632251,
        0.3562983095199281,
        0.2107666357342887,
        0.16103379989643518,
        0.13778221808845037,
        0.12534155327343385,
        0.11392239344765279,
        0.10021355965846751,
        0.09397647694655305,
        0.08672098465576283,
        0.0758383583781262,
        0.07145073198397127,
        0.06988288481701795,
        0.05768353523890006,
        0.06065849527486224,
        0.053193929074722666,
        0.052116400065945825,
        0.05367594276507992,
        0.050541055607322354,
        0.04773668388533562,
        0.05027921969444196
    ],
    "val_loss": [
        0.6232815728670033,
        0.4789222604767082,
        0.39441355023989827,
        0.377604679366393,
        0.3891084488538144,
        0.42123388011487234,
        0.3840607407276763,
        0.3377783015436401,
        0.3660167581830513,
        0.35264543491974654,
        0.09834784345727933,
        0.05680507755664543,
        0.04412631341542797,
        0.04015192203739578,
        0.0374525667990788,
        0.02674815051098349,
        0.02872415999672135,
        0.022586586818893237,
        0.023528404610190765,
        0.022233301266779203,
        0.019283927276314745,
        0.02011445133966697,
        0.017316840182164252,
        0.015344278220207617,
        0.016539144481160475,
        0.016122359909550167,
        0.01687900193124354,
        0.01578760661629241,
        0.017259433433184774,
        0.016027448960038954
    ],
    "train_accuracy": [
        0.7096095701327725,
        0.7824109372945971,
        0.795688181937689,
        0.8016826607072434,
        0.8067569344025239,
        0.8077560141974497,
        0.8089128434336795,
        0.8173524385434469,
        0.8166425660575786,
        0.8230577100039438,
        0.8912843433679506,
        0.9320099907979492,
        0.9493887209149467,
        0.9564085710529775,
        0.9605626396739845,
        0.9652688313395557,
        0.9672669909294072,
        0.9707111870645458,
        0.9731300118312081,
        0.9757854607598265,
        0.9782568686735901,
        0.9780465360851847,
        0.9812541080583673,
        0.9813329827790194,
        0.9827264361772052,
        0.9830419350598133,
        0.9828841856185093,
        0.9844353884579992,
        0.9848034704877087,
        0.9844353884579992
    ],
    "val_accuracy": [
        0.8314869522402757,
        0.861398325947809,
        0.8822008862629247,
        0.8840472673559823,
        0.880354505169867,
        0.8666912850812407,
        0.8787543082225505,
        0.8967257508616445,
        0.8892171344165436,
        0.8931560807483998,
        0.9651649433776465,
        0.9843673067454456,
        0.9864598719842442,
        0.9878138847858198,
        0.9874446085672083,
        0.9928606597735106,
        0.9916297390448056,
        0.9939684884293452,
        0.9939684884293452,
        0.9947070408665682,
        0.9943377646479566,
        0.9949532250123092,
        0.9960610536681438,
        0.9959379615952733,
        0.9959379615952733,
        0.9956917774495323,
        0.9959379615952733,
        0.9961841457410143,
        0.9961841457410143,
        0.9961841457410143
    ],
    "train_macro_f1": [
        0.6431563486255826,
        0.7297201025253677,
        0.7449269847010805,
        0.7535679929818233,
        0.759851611104985,
        0.7619064199904845,
        0.7628489248512181,
        0.7747383178671402,
        0.775280941167621,
        0.7818114082101604,
        0.8604963410202939,
        0.9109940429820699,
        0.9337351290153645,
        0.9422478424495253,
        0.9476055987875089,
        0.9531529636384652,
        0.9570017036116291,
        0.960532505749812,
        0.9643387656908634,
        0.9689975098610991,
        0.9713561530454976,
        0.970268147881203,
        0.9754121771702489,
        0.9766494239826371,
        0.9779258427320138,
        0.9774193232929719,
        0.9779968764539371,
        0.9784355200234602,
        0.9798094316454776,
        0.9788573029275883
    ],
    "val_macro_f1": [
        0.7901468732462567,
        0.8310173144368458,
        0.8547354907276297,
        0.8595167442173,
        0.8490998293681767,
        0.8353743450989219,
        0.8575930195843405,
        0.8756795551489042,
        0.8618142966623928,
        0.8694311821630699,
        0.9493198293153815,
        0.9772941375690235,
        0.980903895904889,
        0.9811221404429888,
        0.9802168883700347,
        0.9898457282608669,
        0.9890484936108686,
        0.9922355535762052,
        0.9914570791130145,
        0.9928737136262447,
        0.9926025478394145,
        0.9929052575072888,
        0.9946137477032821,
        0.9945830790464504,
        0.993790966136135,
        0.9941066876604294,
        0.9945386554881648,
        0.9943666754484823,
        0.9944993776879282,
        0.9947553350151027
    ]
}