{
    "train_loss": [
        1.3229410509281503,
        0.8161508503631865,
        0.7512104135721166,
        0.7205853929653797,
        0.6872438807610975,
        0.6592356344176385,
        0.6495567844264122,
        0.6546852546161651,
        0.5532349569346662,
        0.5348550698917642,
        0.41709847997801053,
        0.22620128233505327,
        0.19983576655111676,
        0.17559360453862155,
        0.1764527193699495,
        0.14986122246658784,
        0.1309417784982878,
        0.11106619862020525,
        0.10352387067209183,
        0.08897141798555977,
        0.08957682940895914,
        0.07676536685495636,
        0.0637270602215078,
        0.05913895201064089,
        0.053837539143228606,
        0.04352585658618616,
        0.042478813712470566,
        0.039613077889472166,
        0.037493171519217265,
        0.03365994270036116
    ],
    "val_loss": [
        0.4095132794361406,
        0.3580481703500921,
        0.3197529693063053,
        0.287743293038734,
        0.254753429774637,
        0.28505511934800665,
        0.29234087811292303,
        0.25572960232056635,
        0.19137261688327742,
        0.22172304468457774,
        0.10603864101765485,
        0.057033175345994475,
        0.16182659142435143,
        0.06713079940137907,
        0.068089941472956,
        0.04059746261176633,
        0.03378083942276217,
        0.03691547565731476,
        0.037153635884486176,
        0.03949677376121288,
        0.025235949767293094,
        0.03564260960157052,
        0.017547285439879212,
        0.0188182040584632,
        0.019655890230396426,
        0.020088341899058202,
        0.017449545047967654,
        0.016841475517609967,
        0.016836545418919692,
        0.01578600977592609
    ],
    "train_accuracy": [
        0.6752464835020376,
        0.7719731825949783,
        0.7865650059156041,
        0.7924543183909557,
        0.8018667017220981,
        0.8070198501380308,
        0.8105166294202708,
        0.8121729985539634,
        0.8367293282502958,
        0.841435519915867,
        0.877980807151308,
        0.9309320362823715,
        0.939187590377284,
        0.9473379781779939,
        0.9447614039700276,
        0.9538845799921125,
        0.9589588536873932,
        0.9656894965163665,
        0.9678979886946234,
        0.9730774286841067,
        0.9733403444196135,
        0.976232417510188,
        0.9800446956750362,
        0.9825686867359011,
        0.9847245957670566,
        0.986565005915604,
        0.9868279216511108,
        0.9876955435782832,
        0.9882739581963981,
        0.9900354936242934
    ],
    "val_accuracy": [
        0.8841703594288528,
        0.8926637124569178,
        0.9075578532742491,
        0.9171590349581487,
        0.9230674544559331,
        0.9144510093549976,
        0.9062038404726735,
        0.9191285081240768,
        0.939069423929099,
        0.9346381093057607,
        0.96602658788774,
        0.9800590841949779,
        0.9591334318069916,
        0.9836287543082225,
        0.9750123092072871,
        0.990521910388971,
        0.9932299359921221,
        0.9895371738060069,
        0.9923682914820285,
        0.990029542097489,
        0.9933530280649926,
        0.9896602658788775,
        0.9965534219596258,
        0.9964303298867553,
        0.9949532250123092,
        0.9950763170851797,
        0.9961841457410143,
        0.9966765140324964,
        0.9965534219596258,
        0.9969226981782373
    ],
    "train_macro_f1": [
        0.5994043753542101,
        0.7172743443032246,
        0.7350588287701276,
        0.7431448823457679,
        0.7518454271009408,
        0.7571808259171677,
        0.7633390707910997,
        0.7639327347289542,
        0.7958845508083875,
        0.800109321775979,
        0.841578726531237,
        0.9098205723734464,
        0.918954649495467,
        0.9294471752367905,
        0.925517948574845,
        0.9373295765922708,
        0.9451436745552271,
        0.9534621103341528,
        0.9565910800005453,
        0.9648760165604813,
        0.962517297447944,
        0.9682431951814128,
        0.972576473913182,
        0.9756347560215524,
        0.9802016108708494,
        0.9823314622613514,
        0.9821042063284293,
        0.9830030006148693,
        0.9843767500594344,
        0.9862913957886622
    ],
    "val_macro_f1": [
        0.8542335331777807,
        0.8671680199255395,
        0.8827187234810578,
        0.8952334789243583,
        0.9056594894477122,
        0.8912845066130516,
        0.8808912031258459,
        0.895973415988301,
        0.9204975906584466,
        0.9214249306962505,
        0.958350075828691,
        0.9740449518677783,
        0.9548425450546422,
        0.9793222652892555,
        0.9633885377077396,
        0.9864792597223494,
        0.9896041542809919,
        0.9852280429167969,
        0.9884183983682648,
        0.9859679116108723,
        0.9880690393152454,
        0.9838538604059636,
        0.994415535922836,
        0.9942382796859814,
        0.9926071543902172,
        0.9936902312039059,
        0.9942217311752986,
        0.9951700014757828,
        0.9945298969898115,
        0.9953346104081264
    ]
}